id_asistente;nombre;telefonos;email
1;Laura Martínez;5550198;laura.martinez@email.com
2;Javier González;5551234;javier.gonzalez@email.com
3;Ana López;5556789;ana.lopez@email.com
4;Carlos Pérez;5552345;carlos.perez@email.com
5;Mariana Rodríguez;5559876;mariana.rodriguez@email.com
6;Luis Fernández;5554321;luis.fernandez@email.com
7;Sofía Jiménez;5558765;sofia.jimenez@email.com
8;David Torres;5553456;david.torres@email.com
9;Paula Díaz;5556543;paula.diaz@email.com
10;Andrés Morales;5557890;andres.morales@email.com
11;Camila Ruiz;5551012;camila.ruiz@email.com
12;Miguel Sánchez;5555678;miguel.sanchez@email.com
13;Valentina Castro;5553457;valentina.castro@email.com
14;Daniel Herrera;5559012;daniel.herrera@email.com
15;Gabriela Vargas;5552222;gabriela.vargas@email.com
16;Sebastián Romero;5554444;sebastian.romero@email.com
17;Natalia Silva;5550001;natalia.silva@email.com
18;Fernando Ortega;5555555;fernando.ortega@email.com
19;Clara Mendoza;5556780;clara.mendoza@email.com
20;Alejandro Ríos;5553333;alejandro.rios@email.com
